# Host: localhost  (Version 6.0.11-alpha-community)
# Date: 2017-05-07 15:23:49
# Generator: MySQL-Front 5.4  (Build 4.153) - http://www.mysqlfront.de/

/*!40101 SET NAMES utf8 */;

#
# Structure for table "admin"
#

DROP TABLE IF EXISTS `admin`;
CREATE TABLE `admin` (
  `id` int(11) NOT NULL,
  `admin` varchar(50) DEFAULT NULL,
  `adpwd` varchar(50) DEFAULT NULL,
  PRIMARY KEY (`id`)
) ENGINE=InnoDB DEFAULT CHARSET=gbk;

#
# Data for table "admin"
#

INSERT INTO `admin` VALUES (1,'root','123456');

#
# Structure for table "user"
#

DROP TABLE IF EXISTS `user`;
CREATE TABLE `user` (
  `ID` int(11) NOT NULL AUTO_INCREMENT,
  `username` varchar(255) NOT NULL DEFAULT '',
  `password` varchar(255) DEFAULT NULL,
  `state` varchar(10) DEFAULT NULL,
  `actiCode` varchar(255) DEFAULT NULL,
  `token_exptime` varchar(255) DEFAULT NULL,
  `name` varchar(50) NOT NULL DEFAULT '',
  `regtime` timestamp NOT NULL DEFAULT CURRENT_TIMESTAMP ON UPDATE CURRENT_TIMESTAMP,
  PRIMARY KEY (`ID`),
  UNIQUE KEY `name` (`name`),
  UNIQUE KEY `username` (`username`)
) ENGINE=InnoDB AUTO_INCREMENT=12 DEFAULT CHARSET=gbk;

#
# Data for table "user"
#

INSERT INTO `user` VALUES (1,'user@163.com','123456',NULL,NULL,NULL,'123','2017-04-01 17:49:03'),(2,'user@126.com','123456',NULL,NULL,NULL,'user126','2017-04-01 17:49:08'),(4,'user@1264.com','12345',NULL,NULL,NULL,'1234','2017-04-01 17:49:11'),(6,'user@126.com2','123',NULL,NULL,NULL,'1233','2017-04-01 17:49:33'),(7,'qinghai_huang8023@163.com','asdf',NULL,NULL,NULL,'qinghai','0000-00-00 00:00:00'),(9,'qinghai_huang8023@126.com','QWER',NULL,NULL,NULL,'qwe','2017-05-07 10:46:26'),(11,'qinghai_huang8023@qq.com','qwer',NULL,NULL,NULL,'qwer','2017-05-07 10:56:14');

#
# Structure for table "news"
#

DROP TABLE IF EXISTS `news`;
CREATE TABLE `news` (
  `nid` int(11) NOT NULL,
  `title` varchar(50) DEFAULT NULL,
  `context` varchar(5000) DEFAULT NULL,
  `author` varchar(20) DEFAULT NULL,
  `createtime` datetime DEFAULT NULL,
  `count` int(11) DEFAULT NULL,
  `vip` varchar(10) DEFAULT NULL,
  `uid` int(11) DEFAULT NULL,
  PRIMARY KEY (`nid`),
  KEY `uid` (`uid`),
  CONSTRAINT `news_ibfk_1` FOREIGN KEY (`uid`) REFERENCES `user` (`ID`)
) ENGINE=InnoDB DEFAULT CHARSET=gbk;

#
# Data for table "news"
#

INSERT INTO `news` VALUES (1,'宋朝的“美”食','宋朝饮食有个最大特色就是热闹。不管食物多么普通，都要把它装饰得五光十色、花枝招展的那种热闹。\r\n举个例子说，一个宋朝媳妇蒸了一锅馒头，要给公婆端过去。这要是元朝，直接端过去就行了，宋朝媳妇却不这样。馒头一出锅，她必须找一红漆木盘，把给公婆的馒头摆到木盘里，摆成金字塔形状，在最上面那个馒头上插一朵花，或者一根青枝绿叶的树枝，然后才能端过去。假如到了寒冬腊月，没有花，也没有树枝，就会用皂角汁画一朵花、一根树枝在上面。假如不会画呢？最起码也要找出一颗通红通红的大枣，摁到馒头尖儿上，总之必须给馒头稍微打扮一下。\r\n再举个例子说，一个宋朝小贩挑着担子上街卖汤圆，担子前头挑着汤圆，担子后头挑着炉灶，他的扁担上插着梅花，炉灶上罩着荷叶。您给他一把铜钱，让他煮一碗汤圆出来，他双手给您端上。您一瞧，碗里除了汤圆，还漂着几粒樱桃，汤圆是白的，樱桃是红的，红白分明，用热气一衬，说不出的好看。您把汤圆吃完，把汤喝干，把樱桃捏到嘴里，把碗递给小贩，咦，碗上还刻着王摩诘的山水画呢！\r\n北宋小贩卖吃食，推的餐车叫“镂装花盘架车儿”，镂出各种花纹，四壁镶嵌黄铜，外面用丝绸和彩线精心缠绕，夕阳返照，闪闪发光，打扮得很热闹。\r\n宋朝人过节，人打扮，食物也打扮。《东京梦华录》里屡次提到“插食”和“插盘”，那都是节庆期间给美食化的妆。插食是在食物上插花、插旗，插盘是把食物挂在用铁丝编成的假山上，挂在艾草扎成的老虎上，挂在用菖蒲扎成的蟠龙上，一边挂各种各样的小点心，一边挂晶莹透亮的小灯笼。嗯，感觉就像圣诞树一样。','李开周','2015-09-08 00:00:00',55,NULL,NULL),(2,'贪吃害死朱自清','在伊豆半岛旅行时，特意住了修善寺的菊屋旅馆。这里以温泉著名，1910年8月，被胃病纠缠、痛苦不堪的夏目漱石曾经特意到这里休养。结果却胃出血，病情恶化而不治。\r\n胃病似乎是作家们常有的毛病，在夏目漱石的笔下，也常常可见治疗胃病的片段。从小说到日记，漱石处处在吐槽胃病偏方。比如《我是猫》里说得好：“多年来为了医治胃病，我讨了一切可能讨到的药方试过，但都是徒劳。只有昨夜喝下的三杯绍兴老酒委实奏效。”漱石的医生认为，他长年受胃病困扰，是因为脾气太过暴躁焦虑，也常提醒他养胃即是养心，凡事想开，胃病才能痊愈。\r\n在中国，有一位和夏目漱石一样被胃病困扰的作家。这位作家去世后，我们长期以为，他是不领救济粮饿死的。\r\n他便是朱自清。\r\n朱自清被饿死的出处，来自“最高指示”。毛泽东在《别了，司徒雷登》中写道：“我们中国人是有骨气的……闻一多拍案而起，横眉怒对国民党的手枪，宁可倒下去，不愿屈服。朱自清一身重病，宁可饿死，不领美国的救济粮。”\r\n美国对中国发放救济粮，是1948年6月。教授们拒领“美援”面粉，是为了抗议国民政府在美国支持下，任用前侵华日军总司令冈村宁次为军事顾问。\r\n1948年，吴晗拜访了朱自清，带去了一份《抗议美国扶日政策并拒绝领取美援面粉宣言》。\r\n朱自清在吴晗的宣言上签了字，这天的日记里，他说：“此事每月须损失六百万法币，影响家中甚大，但余仍决定签名，因余等既反美扶日，自应直接由己身做起。”\r\n所以，朱自清不领美国的救济粮，是事实。\r\n可是，这并不代表朱自清是因为拒领“美援”面粉而饿死的，和夏目漱石一样，他其实是因为胃病不治。而他患上胃病的原因，很可能与他饮食不加节制有关。在他的日记里，常常出现这类描述：\r\n在乔治家吃晚饭，食物好消化，但我吃得太多，以致胃又难受。（1939年12月1日）\r\n天冷，贪食致胃病复发。（1939年12月10日）\r\n吃得太多，肠胃消化不良。（1939年12月31日）\r\n戴太太午饭时给我们吃了馒头，因为一共吃了七个，致胃病发作。（1940年2月22日）\r\n……\r\n朱自清的胃病，是从什么时候开始的呢？1924年，他受夏尊之邀，到宁波白马湖畔的春晖中学教书。那时的日记里，还没有出现“胃不适”的字样，但他是美食爱好者，兴冲冲去名店买开花馒头，结果卖完了，虽然很“怅然”，但还是买了蛋糕和小面包；晚上阅卷到十二点，很愉快地吃加了糖的绿豆稀饭；下雨天，“甚以为乐”的是吃着香蕉背诗；到吴江冷家吃饭，吃了“以洋菜糜和杏仁露凝成”的杏仁豆腐，还有咸蛋、绿笋、菜烘和鲫鱼，兴奋地评价菜很出色，和主人聊的，却是如何和烧饭的女主人离婚，从而可以娶“第三者”。','李舒','2015-09-23 00:00:00',3,NULL,NULL),(3,'一个人的美食，是另一个人的毒药','“逐臭之夫”字典上说：“犹言不学好下向之徒。”这与我们要讲的无关，接着解“喻嗜好怪癖异于常人”，就是此篇文章的主旨。你认为是臭的，我觉得很香。外国人人亦言“一个人的美食，是另一个人的毒药”，实在是适者珍之。\r\n一个人的美食，是另一个人的毒药\r\n最明显的例子就是榴莲了，强烈的爱好或特别的憎恶，并没有中间路线可走。我们闻到榴莲时喜欢得要命，但报纸上有一段港闻，说有六名意大利人，去到旺角花园街，见有群众围着，争先恐后地挤上前，东西没看到，只嗅到一阵毒气，结果六人之中，有五个被榴莲的味道熏得晕倒，此事千真万确，可以寻查。\r\n和穷困有关，中国的发霉食物特别多，内地有些省份，家中人人有个臭缸，什么吃不完的东西都摆进去，发霉后，生出碧绿色的菌毛，长相恐怖，成为美食。\r\n臭豆腐已是我们的国宝，黄的赤的都不吓人，有些还是漆黑的呢。上面长满像会蠕动的绿苔，发出令人忍受不了的异味，但一经油炸，又是香的了。一般人还嫌炸完味道跑掉，不如蒸的香。杭州有道菜，用的是苋菜的梗，普通苋菜很细，真想不到那种茎会长得像手指般粗，用盐水将它腌得腐烂，皮还是那么硬，但里面的纤维已化为浓浆，吸噬起来，一股臭气攻鼻。用来和臭豆腐一齐蒸，就是名菜“臭味相投”了。\r\n未到北京之前，被老舍先生的著作影响，对豆汁有强烈的憧憬，找到牛街，终于在回民店里喝到。最初只觉一口馊水，后来才喝出香味，怪不得当年有一家名店，叫为“馊半街”。不知者以为豆汁就是大豆磨出来，像豆浆，坏不到哪里去。其实只是绿豆粉加了水，沉淀在缸底的淀粉出现灰色，像海绵的浆，取之发酵后做成的，当然馊。\r\n南洋有种豆，很臭，干脆叫臭豆，用马来盏来炒，尚可口。另有一种草有异味，也干脆叫臭草，可以拿来煮绿豆汤，引经据典，原来臭草，又名芸香。\r\n一个人的美食，是另一个人的毒药\r\n这些臭草臭豆，都比不上“折耳根”，有次在四川成都吃过，不但臭，而且腥，怪不得又叫“鱼腥草”，但一吃上瘾，从此见到此菜，非点不可。\r\n洋食物的臭，不遑多让，他们的生火腿就有一股死尸味道，与金华的香气差得远，那是腌制失败形成，有些人却是要吃这种失败味。其实他们的腌小鱼（Anchovy）和我们的咸鱼一样臭，只是自己不觉。\r\n日本琵琶湖产的淡水鱼，都用发酵的味噌和酒曲来腌制，称为“Nuka Tsuke”，也是臭得要死。初试的外国人都掩鼻而逃，我到现在也还没有接受那种气味，但腐烂的大豆做的“纳豆”，倒是很喜欢。\r\n“你吃过那么多臭东西，有哪一样是最臭的？”常有友人问我。答案是肯定的，那是韩国人的腌魔鬼鱼，叫作“虹”，生产于祈安村，最为名贵，一条像沙发坐垫一样大的，要卖到七八千港币，而且只有母的才贵。腌好的虹鱼上桌，夹着五花腩和老泡菜吃，一塞入口，即刻有股强烈的阿摩尼亚味，像一万年不洗的厕所，不过像韩国人说的，吃了几次就上瘾。\r\n\r\n\r\n\r\n\r\n天下最臭的，虹鱼还是老二，根据调查，第一应该是瑞典人做的鱼罐头，称为“Surstrommlng”。用鲱鱼做原料，生后让它发霉，然后入罐。通常罐头要经过高温杀菌，但此罐免了，在铁罐里再次发酵，产生强烈的气味，瑞典人以此夹面包或煮椰菜吃。\r\n罐头上的字句警告，开罐时要严守四点：一、开罐前放进冰箱，让气体收缩。二、在家中绝对不能打开，要在室外进行。三、开罐前身上得着围裙。四、确定风向，不然吹了下去，不习惯此味的人会被熏昏。有一个家伙不听劝告，在厨房一打开，罐中液体四溅，味道有如十队篮球运动员一齐除下数月不洗的鞋子，整个家，变成名副其实的“臭屋”。','蔡澜','2016-03-15 22:46:00',18,NULL,NULL),(4,'但为美食不顾身：鱼藏剑和酿菜','革命不是请客吃饭，但绝对离不开请客吃饭。最早将请客吃饭作为“革命手段”的，当数春秋战国时代吴国的公子光，也就是后来的吴王阖闾——为美女西施亡国的吴王夫差的老爹。\r\n公子光是吴王诸樊的儿子，诸樊死后却没有传位给公子光，而是传给了自己的弟弟。\r\n这让公子光大为不满。\r\n吴王僚深知公子光对自己的不满，自然处处严加防范，没有给公子光任何机会。然而，防范再严密也难免有疏漏之处，公子光也非等闲之人，很快就瞧出了一个大破绽——这破绽就出在僚的馋嘴上。\r\n僚是一个爱吃的人，他最喜欢的一道菜是炙鱼，也就是今天所说的烤鱼。\r\n抓住吴王僚的馋嘴这个破绽的，是伍子胥和专诸。\r\n当伍子胥得知公子光有意刺杀吴王僚，就找到了自己的哥们儿专诸，将其推荐给公子光，并出主意说：让专诸到太湖找太和公学炙鱼，以做美食的名义寻机接近吴王僚。\r\n三个月后，专诸学成归来，见时机成熟，公子光就请吴王僚到家中赴宴，并以“我这里的炙鱼比太和公做的还好吃”相诱，贪吃的吴王僚听了难免直咽口水，虽然知道其中可能有诈，为了吃鱼居然还真去赴宴了。\r\n赴宴时，吴王僚做了充分的防范工作：从王宫到公子光家的途中布满了卫士，宴会上所有人均不能携带兵器等危险物品，连上菜的人也要脱光了外衣，只穿内衣半裸着跪地而行，上菜时也得在两名卫士的监视陪伴下提供服务。即便如此，吴王僚还是不放心，身边还站着两名持长铍的卫士，随时防范有人行刺。\r\n宴至高潮，眼看炙鱼就要上桌，此时，公子光借口腿疼离开了。就在这个当口，炙鱼的香味儿已经弥漫到厅里，撩拨得吴王僚口水直流，一时也顾不上怀疑公子光的异常行为。\r\n这时，只见专诸光着膀子，跪地而行，一步一步把炙鱼送到僚面前。就在僚俯下身子闻香味的时候，专诸突然从鱼腹里抽出一把剑直刺向吴王僚的胸口。几乎是与此同时，僚的两个卫士手中的铍也插向了专诸的两肋。僚应声倒下，专诸也一命呜呼，公子光的卫士趁乱全部冲上去消灭了僚的卫兵。公子光成功夺取了王位，史称吴王阖闾。\r\n抛开王位争夺、朝代更迭的政治因素不谈，吴王僚能为一道炙鱼丧命丢位，足见这道菜的魅力之大。\r\n单就这道菜本身来说，做法也是非常考究。\r\n吴王僚那个时候吃的炙鱼是白鱼做的，这种鱼生活在太湖边上，肉质肥美，鲜嫩异常。炙鱼的做法是先用盐、姜、葱、酒等调料将鱼腌制一两个小时，然后在鱼身上裹上猪网油，再将鲜猪肉、笋和蘑菇剁细后，做成馅装在鱼腹里，然后用木炭烤。\r\n这样烤出来的鱼肉中有一种木炭的清香在其中，远比现在常用的电烤鱼味道好。\r\n鱼藏剑所依托的这一特殊菜式，不仅改变了吴王僚和公子光，伍子胥、专诸等人的命运，其做法也深刻地影响了后世的美食家们，特别是塞馅这一方法，直接启发了后世酿菜的形成。\r\n如今，这种塞馅的方式已经是中华美食中常用的方法。我们日常生活中经常能看到的豆腐箱子，其实就是酿菜的一种，是把豆腐切成小箱子或者三角形（中间掏空），把肉馅塞在里面然后拿来做菜。\r\n鱼藏剑从春秋战国传承到现在，更多是使用鳜鱼，因而这道菜又叫作叉烧鳜鱼，在苏州一带仍然很流行。其做法和古时还是很相像，只不过现在还在所塞的馅料里加了火腿。另外，炙烤的方式也更多了，除了炭火，有的会把调料撒在鱼身上直接在锅里煎，但就这道菜而言，还是炭烤的鱼味道最好。\r\n受鱼藏剑的影响，到了秦汉时期还发展了一道菜，叫作胡炮肉。这胡炮肉的做法是：选用一岁大的羊，将羊肉剁碎，加调料腌制，然后将羊肚的里面翻出来洗干净，把馅塞在羊肚里面，再用针缝好，不用炭火烤，而是找一块比较肥沃的土地挖一个坑，在坑里烧一堆柴火，木柴烧尽之后土会发热，这个时候再将羊肚埋进坑里，再在土上面烧一把火，如此上下加热，一堆柴烧完之后，把羊肚取出来切成片上桌，味道也是非常鲜美。\r\n《红楼梦》的作者曹雪芹也创新过一道酿菜，叫作老蚌怀珠，其具体做法是：用香料将煮熟的雀蛋剥壳后装入鳜鱼腹中，将鳜鱼煎成深黄色，再加调料烧制而成。食用时“轻启鱼腹”，则明珠“灿然在目”。\r\n我曾经创造过一道文化菜，也是受到鱼藏剑的启示。\r\n这道菜名叫哲学鱼，就是在大鱼里面酿一只小鱼，小鱼里面又酿一只虾，取“大鱼吃小鱼，小鱼吃虾米”之意，而整道菜上桌后再被人吃掉，也正体现了一种生存的哲学。\r\n\r\n具体做法是：大鱼用鲤鱼，小鱼用鲫鱼，虾用基围虾，把虾剖成两半，但别断开，酿一些五花肉馅在虾里面，再一起塞进鲫鱼肚里；鲫鱼的做法是先拿来煎一下，然后和另外一些调料一起酿在大鲤鱼肚子里，然后用火烤熟。\r\n说到鱼藏剑，在四川雅安还真有一种鱼的身上藏了一把“剑”。话说雅鱼和雅女、雅雨并称为“雅安三雅”，在雅鱼的脊背紧挨头部处，有一块骨头和剑的形状很像。而当地的人喜欢在吃完雅鱼之后将这把小“剑”抽出来，拿回去放在家里作为辟邪的吉祥物。世界之大，当真是无奇不有。\r\n现在，这种雅鱼已经穿越过雅雨，从雅安游到了北京天下盐的餐桌上。吃完鱼后，服务员会把这小小的“辟邪宝剑”从鱼头中抽出，再装进精美的小礼盒中送给客人。怎么样，一番用心是不是够风雅？','二毛','2016-03-29 22:41:00',41,NULL,NULL),(5,'世上什么下酒菜最美','重庆山城啤酒，得就串串。还得是面对一口大锅，满锅红辣翻腾，捞都捞不完，吃一烫二看三，满眼都是。菌花，鹅肠，蒜泥香油。旁边放着言子儿听，更美。\r\n世上什么下酒菜最美\r\n青岛啤酒，配鱿鱼。坐堤上，摆开了吃喝，吹着小风。泡沫厚得喝时能触到鼻尖儿，冰得透了，一口下去，鱿鱼新炸，还脆韧着。\r\n红星二锅头，就爆肚，我个人喜欢搭芝麻酱葱末。最好是晚上，跟朋友坐一桌。其实也试过用小春饼卷爆肚，蘸黄酱，就酒。咬一口，能挣得脸红脖子粗。只是个人喜欢。朋友说吃了还行，我估计是给我面子。\r\n江南人惯喝绍兴黄酒。若是夏天晚上，下姜丝，用杯子盛酒，配螺蛳、五香豆、盐水花生、拌豆腐干丝撒芝麻。冬天，铫子里黄酒滚热了，闻得见甜香味，倒一碗来，配炒花生、五香牛肉、肴肉、青鱼干、脆鳝。花生新炒，肴肉凝冻，脆鳝有刺啦啦的响声，最妙。\r\n葡萄酒，配奶酪是百搭的。配水果则有许多会见光死，苏玳酒配某些水果沙拉另说。苏玳酒适合配肝酱与甜品。夏多内新酒适合配海鲜。其他，红酒配红肉，白酒配白肉不提，当然有细讲究。\r\n世上什么下酒菜最美\r\n葡萄牙所有的强化酒，都可以配巧克力或巧克力蛋糕。甜上加甜，爽得不得了。意大利各类喝着玩的红餐酒，配腌橄榄和干酪，可以不知不觉就喝多了。\r\n琴酒，单喝爽。非要搭的话，腌透的鲱鱼撒蒜蓉。这个就啤酒也很好。伏特加，配脆面包和腌黄瓜。\r\n欧洲食谱会教你说：伏特加配鱼子酱。然而，喝伏特加，图的是个纯粹，一口的事儿，干净。配个鱼子酱罐儿，架势比较小了。所以鱼子酱的话，还是配淡香槟或者不带甜味的白葡萄酒吧。\r\n都说德国啤酒配香肠，其实德国酸菜比香肠要下啤酒。因为香肠吃口咸，你一口香肠，一口啤酒，味道是中和了。如果是酸菜就啤酒，吃惯的话，有种香涩咸酸，背地里飕飕发凉那么好吃。\r\n\r\n\r\n\r\n\r\n酸菜、香肠的汁儿用来熬土豆，配啤酒，简直要飞了。西班牙语系的酒，比如sangria或者mojito，后者单喝好，前者伊比利亚火腿配一切，不行？再来盘鱿鱼圈，没什么解决不了的。\r\n下酒菜，最百搭的，永远是入味有口感的玩意。吃菜就饭，图的是饱。喝酒就菜，图的是味儿。肉干鱼干花生，天下无敌。\r\n人类终极秘籍就是：奶油炒花生撒盐，配一切酒。美国人也吃这个。Salt peanut嘛，爵士乐都唱了。尤其是花生刚出锅，等一会儿，等脆了的时候，一口花生一口酒，听见口腔里的咔嚓咔嚓声，给个皇帝都不换。\r\n临了，我有个朋友说，蒙古王+牛肉干+奶油炒米是天下无敌的。\r\n尤其是冬天，尤其在内蒙古。北风卷地白草折那会儿，蒙古王一大口、就着发硬的牛肉干，大筐的奶油炒米。我光想象那情景，就觉得全身热将起来了。','张佳玮','2016-03-15 22:32:00',2,NULL,NULL),(6,'魂牵梦绕的好滋味','人的口味，受家庭影响最甚，特别是小时候父母喜爱的美食，常常成为你此后的念想，令你终生难忘。\r\n在猪还未被大量饲养前，所有内脏都是被视为珍品的，那时还未被抗生素污染的猪肝，甚至是被当作补品看待的。记得每当父亲熬夜通宵写稿，隔天早晨母亲便会为他煮一碗佐以姜丝、小白菜的猪肝汤补元气，那汤是如此诱人，常让我忍不住在一旁看。母亲总会分一小碗汤给我，碗里虽只有青绿的小白菜，但那份香气已够我解馋了。这份记忆让我长大后，对猪肝、小白菜完全无法抗拒。不管是热炒、煮汤，小白菜永远是青蔬中的首选，至于猪肝或卤或煮也是诱人异常，即便它是堪虑的食材，仍令我好难不动箸。这全拜儿时记忆所赐。\r\n自小常听父亲说起属于他的乡愁滋味，醋熘鸡子儿加些姜末可解想吃螃蟹的瘾（顶好让蛋白蛋黄分明些，再保持些稀嫩，就完全是大闸蟹的风味了），腌渍后的胡萝卜炒鸡丝则别有一番风味，香椿拌豆腐也是家常美味。\r\n最让父亲念兹在兹的是荠菜，从小听父亲形容它的好滋味，直至回到老家才终于明白它令人魂牵梦绕的理由，以鸡子儿香煎最能显出它的鲜美，那是一种难以形容、会让人上瘾的滋味。回得台湾上穷碧落下黄泉地寻觅，才终于搞懂，此仙株产期忒短，晚冬初春时节才看得到它的芳踪。我曾试着在自家院子撒种，培育了几年总不成气候，收集半天只够炒一盘鸡蛋；后来把眼光向外放，才发现它成群结队地出现在贫瘠的马路边、公园的草丛里；至此，开车分心得很，但也因此找着了许多荠菜群聚地，竟然足够包起饺子来，只是遗憾已无法和父亲分享这份奢侈。\r\n\r\n童年的端午，母亲包的是标准客家粽，蒸熟的糯米拌以炒香的虾米，以及切成丁的香菇、猪肉、豆干、萝卜干，再包进粽叶中蒸透，相对于别人家大块肉还加了咸蛋黄的粽子，这客家粽还真有些寒酸。而父亲包的粽子更是简洁明了，除了圆糯米什么都没有，煮到透烂蘸白糖吃，唯一引起我兴趣的就是它那造型，呈长圆锥形，被父亲命名为“胜利女神飞弹”。但等到长大，大鱼大肉吃怕了，才发现客家粽的香是其他门派的粽子无法比拟的，至于父亲的白粽子，更是愈年长愈能品出它的清香隽永，单纯的糯米香、粽叶香，佐以绵密的白糖，是足以让人翘首巴望一整年的。\r\n有次去芬兰，一下飞机便听闻，早到的几位记者已在四处寻找中国餐馆，被我狠狠嘲笑了一番——中国人总是如此，好不容易出国，不好好享受异国美食，却只想回到自家厨房取暖。不想，才吃了两天的培根、火腿、面包、沙拉，我的脾胃也犯起了思乡病；还好有先见之明，带了几包泡面，晚上回旅馆，一碗热腾腾的汤面下肚，真是南面王不换。\r\n待到第六天，终于自打嘴巴地跟着那些记者朋友，觅得一中餐馆，打开菜单，吓死人的贵，但一行六人包括我在内谁也没抱怨，全员埋头大吃，盘盘见底，约莫把人家的饭锅也给清空了','朱天衣','2015-12-30 13:27:00',46,NULL,NULL),(7,'怎样防止蔬菜在焯水时营养素流失','焯水，就是将初步加工的原料放在开水锅中加热至半熟或全熟，取出以备进一步烹调或调味。它是烹调中特别是冷拌菜不可缺少的一道工序，对菜肴的色、香、味，特别是色起着关键作用。焯水，又称出水、飞水。东北地区称为“紧”，河南一带称为“掸”，四川则称为“泹”。\r\n\r\n为了保持蔬菜色泽，或除掉异味、涩味和草酸等，某些蔬菜烹调前必须进行焯水。但从营养学的角度分析，焯水可增加水溶性营养成分的损失，小白菜在100℃的水中烫两分钟，维生素C损失率高达65％；烫10分钟以上，维生素C几乎损失殆尽。因此，焯水应采用适当方法，尽量减少营养成分的损失。\r\n\r\n采用沸水多水量、短时间焯水处理，可减少营养素的热损耗。因为蔬菜细胞组织中存在氧化酶，它能加速维生素C的氧化作用，尤其是在60℃～80℃的水温中，活性最高。在沸水中，氧化酶对热不稳定，很快失去活性，同时沸水中几乎不含氧，因而减少了维生素C因热氧化而造成的损失。\r\n\r\n在焯水中加人1％的食盐，使蔬菜处在生理食盐水溶液中，可使蔬菜内可溶性营养成分扩散到水中的速度减慢。\r\n\r\n焯水前尽可能保持蔬菜完整形态，使受热和触水面积减少。在原料较多情况下，应分批投料，以保证原料处于较高水温中。\r\n\r\n焯水后的蔬菜温度比较高，它在离水后与空气中的氧气接触而产生热氧作用，这是营养素流失的继续。所以，焯水后的蔬菜应及时冷却降温。常用的方法是用多量冷水或冷风进行降温散热。前者因为蔬菜置于水中，由于水的作用，使可溶性营养成分损失；后者因没有这种因素存在，效果更好。\r\n\r\n据分析，蔬菜经焯水处理后，维生素C的平均保存率为84.7％。','佚名','2015-12-30 13:27:00',4,NULL,NULL),(8,'写文章和排骨萝卜汤','梁实秋是一位著名的作家，同时也是一位美食家。\r\n\r\n抗战时期，梁实秋得知赵元任的太太杨步伟做的排骨萝卜汤是一绝，于是上门拜访，一尝果然如此。\r\n席中客人们一致要求主人要公开一下排骨萝卜汤烹制的秘奥，以便自己回家如法炮制。杨太太很谦虚：“没什么，没什么，这其实上不了台面的，不成敬意。”这时一位客人开了腔，那我来替杨太太公布这个奥秘吧就一句话：“多放排骨，少加萝卜、少加水。”梁实秋回家一试，果然大获成功。\r\n事后梁先生总结说：其实写文章也和做排骨萝卜汤一样，要做到言中有物却不难，关键在少说废话———这和排骨汤里少加萝卜、少加水的道理是一样的。\r\n梁实秋不愧是美食家、文学家，用一道美食做法的奥秘就讲清了写文章的真谛。','赵元波','2016-03-30 22:18:00',235,NULL,NULL),(9,'用吃捍卫亲情','很多年前，今朝鲜一带有个名叫王李吉的诸侯王，喜好享用各种人间美食，人长得肥胖彪悍。在处理完各种事务之余，王李吉沉迷于搜寻山珍海味，甚至不惜重金差人去国外买回各类奇珍异兽烹饪，因此被百姓戏称为“贪吃的硕鼠”。\r\n王李吉有个弟弟叫王李庆，从小由哥哥一手带大，两个人的关系十分要好。偏偏王李庆个性正直，一身正气，他成年后看不惯哥哥沉溺于吃喝，屡次劝说无效后便串通大臣发动了政变，将哥哥轰下了台，自己坐上了王位。\r\n王李庆到底念及手足之情，待哥哥也算得上仁慈。他没有处死王李吉，而是将其关进王宫后院的一个小房间里。房间虽然不够宽敞，但有门有窗，且门从不上锁，窗也一直敞开着。当然，门窗的大小都经过了严格的测量设计，以王李吉被抓时的庞大身躯，根本没有办法靠一己之力进出。王李吉要想离开这里，就必须坚持节食，减肥瘦身。\r\n有老臣斥责王李庆对哥哥看似宽容实则残忍，说他为王李吉所提供的房间无法正常进出，实际上与囚牢无异，限制了人身自由。王李庆摇了摇头，向大家郑重承诺：“我并未把哥哥当成囚犯。只要他能从那间房里走出，不仅可以重获自由，而且我还会把王位完好返还。”老臣们听到王李庆的这番表态，再也无话可说，于是接二连三地跑去给王李吉报信，鼓励他一定要节食减肥，夺回王位。\r\n说归说，王李庆当然不肯轻易地把王位交还给哥哥，之所以做出这番承诺，只因深知王李吉贪吃的弱点。每天，他都打发手下去各地搜罗奇珍异味，然后将美食不间断地送进小房间，任由哥哥享用。\r\n不争气的王李吉似乎没有意识到重新获得自由和王位的重大意义。他实在无法抵御那些美食的诱惑，每次有好吃的摆到面前，不用他人怂恿，便狼吞虎咽地将它们消灭干净。\r\n美食越摆越丰盛，王李吉越吃越欢喜，身体也越长越肥胖。在被“囚禁”数日后，他的体重不减反增，重新当王的希望越发变得渺茫。这可着实气坏了那些效忠的老臣，纷纷指责王李吉糊涂愚蠢，全然丧失了当王之志，只剩下一张好吃的嘴。\r\n\r\n\r\n\r\n\r\n王李吉依旧无动于衷，他在那个房间里生活了整整8年，直到有天清晨被人发现死在床上，床边摆放着半盘吃剩的鲍鱼和一封写给弟弟的遗书。\r\n王李庆阅读着书信，不禁泪流满面：\r\n“哥哥知道，自己走出房间的希望每增大一分，弟弟你的疑虑和顾忌便会加重千斤……所以，我别无选择，只能糊涂地吃。\r\n即便我减肥成功，最终能幸运地走出去，我们兄弟之间也会为争夺权力而反目成仇，必然有一个因此而仇恨地死……所以，我义无反顾，只能愚蠢地吃。\r\n请原谅我贪婪的吃相，原谅我愚蠢的吃法，因为在这个世上，我只有你这个惺惺相惜的弟弟呀。”\r\n有一种愚蠢，是因亲人之间的情深而伪饰，因手足之间的真爱而假装。这是愚蠢，更是一种对亲情的捍卫。','张小平','2012-06-08 23:00:00',10,NULL,NULL),(10,'心美食才美','把“吃”当做旅行中的最大享受的人，俗称“老饕旅行家”，这些人的最大特点是成群结队，在各地餐厅呼啸而过，对菜品头论足，各地厨师最怕遇到这样的人。有些人较有涵养，出口不伤人，但是比较尖刻的人出口无礼，许多厨师不免在心中说：“煮给你吃，还得被你骂。”心里肯定不是滋味。\r\n美食因为地域差异，很难公平论断好坏，此话听来比较客观，就如同喝惯美式咖啡的人，实不足以谈论土耳其咖啡的好坏一样。我在一家知名的星级咖啡厅喝过土耳其咖啡，才发现其实是咖啡少了滤纸而已，残渣经过冲泡后留于杯底，味道和口感我不太能接受。但是，吃的文化来自于习惯，而习惯成自然，所以当你被当地人问：“咖啡好喝吗？”就算苦着脸，你也得说：“不错。”\r\n多数人把吃视为旅行是否快乐的要素，但是经常会发生乐极生悲的后果，尤其是标榜吃得好、住得好的。有一次，我到泰国，跟着的旅行团被称为“泰好吃团”，果然名副其实，从早餐吃到消夜，旅行一周下来，增胖不少，回国后第一个工作就是减肥。这时候，旅行变成负担，而非享受，因为吃的因素已经不是旅行中的期待，反倒成了任务。\r\n心理学家认为，所谓美味其实和饥饿有关。上世纪90年代，我到俄罗斯旅行，一天，我为了找当地的特色美食，一整天都没怎么吃东西，最后终于吃到传统的俄罗斯大饺子，得到很大的满足和感动，当时我真的相信这是天下第一美味。\r\n两年后，我又被俄罗斯大水饺勾起味觉记忆，还特地到了哈尔滨，准备再搭火车到中俄边界的绥芬河吃大水饺。想不到在绥芬河散步时，误入了一家饭馆，吃了地道的羊肉炖汤，又是上等的美味，尤其是下雪的冬天，暖呼呼的羊肉炖汤真是妙不可言。\r\n有人说：“曾经饥饿过的人，对食物就少挑剔，这话是经验之谈，但是把粗劣的食物看成精致美食，则需要更高的修养和对食物的尊重。”\r\n有一次我搭火车，上车前怕长途旅行饥饿，准备了一大包的食物，好度过漫长旅途。坐在我旁边的旅客是对老夫妻，一路上都是无声静默，我心里想：他们为什么都不饿？也不张罗着吃饭？我已经饥肠辘辘，便吃了起来。\r\n过了一阵子，老夫妻在座位上准备用餐，男人从旅行包中拿出一块白布铺在腿上，然后取出几个鸡蛋，再从一个小盒子中拿出盐撒在鸡蛋上，男人咬了一口后，把蛋交给女人，等女人吃完了，两人都喝了随身所带的水之后，重新把白布收起来，结束了“丰盛”的晚餐。\r\n几年后，我仍无法忘掉这一幕，对食物的尊重，写在这对老夫妻的脸上。大概是因为懂得食物得之不易，对食物有所尊重，再差的东西都变成美食了。这时我才明白，真正的美食，不是金钱可以购买到的，它能带来的精神上的满足，需要用心去体会。','菜丛','2012-05-16 23:27:00',3,NULL,NULL),(11,'中国人的主食','中国人的烹调手艺与众不同，从最平凡的一锅米饭，一个馒头，到变化万千的精致主食，都是中国人辛勤劳动、经验积累的结晶。然而，不管吃下了多少酒食菜肴，主食，永远都是中国人餐桌上最后的主角。\r\n老黄的全名叫黄国盛，认识他的人都叫他老黄。从每年农历十一月初开始，老黄每隔三天，会拉着自己家里做的七百个馍馍，骑一个半小时的三轮车，到县城里去卖。\r\n老黄卖的黄馍馍，就是用糜子面做成的馒头，是陕北人冬天最爱吃的一种主食。糜子，又叫黍，是中国北方干旱地区最主要的农作物。八千多年前，中国黄河流域开始栽培黍。\r\n在中国，五谷始终是一个变化中的概念。大约两千年前，五谷的排序为稻、黍、稷、麦、菽。而今天，中国粮食产量的前三名已经变成稻谷、小麦和玉米。中国，从南到北，广袤的国土，自然地理的多样变化，让生活在不同地域的中国人，享受到截然不同的丰富主食。\r\n丁村，这个中原最古老的村落，谷物加工的历史已有上万年。附近曾经出土过中国最古老的石磨，证实了这一点。\r\n贵州黎平，居住着古朴的侗族，其特殊的潮湿气候条件下用粮食以特殊的储存方式，稻子脱壳磨面做米粉的方式延续着传统做法，米粉、米皮吃法独特有地域特色，就以米粉、米皮这一项在贵州贵阳、遵义等地形成了独具特色的米粉、米皮饮食文化，吃法品种花样及口味甚多，是本地离不开的主食之一。\r\n擀面，是中原女孩子在成为女人的成长中，必须要掌握的生活技艺。按照中国人的风俗礼仪，过生日贺寿是一定要吃面条的，中国人称为长寿面。为什么中国人过生日要吃面？面条是怎么成为中国人贺寿的象征的？有一个说法是面的形状长瘦，谐音“长寿”，面条成为讲究讨口彩的中国人最喜欢的主食。\r\n兰州人都说，自己的早晨是从一碗牛肉拉面开始的。这个有着一千多家拉面馆的城市，每天要消耗一百万碗拉面，是兰州人心目中，当之无愧的主食王者。一碗面从拉制到煮熟上桌，看似不到两分钟时间，但其背后却有着很深的门道。\r\n土生土长的西安人曹石，计算机系硕士毕业后，利用业余时间和朋友组了一个用西安方言演唱的说唱乐队。身兼大学教师、乐队的主唱作词、多种角色的他，在这首最广为流传，描写三秦大地平民美食的说唱里，一连串列举了陕西几十种诱人的美食。在曹石的歌里，被冠以经典传统的是牛羊肉泡馍。泡馍是最土生土长的西安主食，吃泡馍最讲究的是掰馍。对西安人来说，这不但是个进食的过程，还是个享受的过程。每个人根据自己喜好的口感，掰出大小、形状不一的馍块，再配以熬煮了十几个小时的老汤，一碗看似豪爽简单的羊肉泡馍，其实内在精致复杂。\r\n几乎所有的中国人都知道一个概念：北方人喜欢吃面食，而南方人则离不开米饭，这是因为一千年前形成的两大农业布局，一个是黄河流域以黍和麦为主的旱作农业，而另一个则是长江流域的稻作农业，因此出现了中国独特的“南米北面”主食格局。\r\n陕西岐山人过寿也吃面。每逢老人做寿，岐山人都会聚在一起，请来秦腔剧团搭台唱戏。这时候一碗热腾腾酸辣可口的岐山臊子面，作为台前台后的最佳配角，是绝不可少的。吃臊子面最讲究的要数流水席。早上天刚亮，吃面的流水席就开了。据当地的史志记载，岐山臊子面起源于三千年前。只吃面，不喝汤，是当地人约定俗成的饮食规矩。陕西人把肉丁炒制的配料叫臊子。岐山臊子的制作更为讲究，肉丁切得薄而匀，干煸至透明状，再配以醋和秦椒辣面，文火慢炒。上等的臊子应该是色泽鲜红纯正，口感酸辣突出。这样一勺色泽油亮、辣而不燥的红油臊子，正是岐山臊子面的精髓所在。臊子面的配菜讲究五色，木耳豆腐寓意黑白分明，鸡蛋象征富贵，红萝卜寓意日子红火，蒜苗代表生机勃发，红黄绿白黑五种颜色代表了岐山人对生活的美好祝福。几千年来，臊子汤在岐山村村落落的面锅里翻滚着，岐山臊子面更成为一件精彩绝伦的艺术品。\r\n地处太湖流域的嘉兴，正处于中国最古老的稻作文化区之中，在相当长的时间里，嘉兴以天下粮仓而著称。然而，以江南精致细腻生活方式著称的嘉兴人，踏实放心的一天，却是从一个热腾腾的肉粽子开始的。\r\n在现代化流水线上，粽子这个古老的食物，呈现出与传统方式不一样的生命力。刘光荣，这个从四川来嘉兴打工的裹粽技师，从每天上午8点到下午4点，要完成超过3000只粽子。平均每分钟裹7个粽子，每一个粽子，用的时间不到10秒钟，而分量的准确率是百分之百。在这样的车间里，每一个工作日，就会有大约100万只粽子被生产出来。\r\n每年晚稻成熟，就到了宁波人打年糕的时候。孩子们约好都从宁波回到村里来看望阿公阿婆，四代同堂的一家人像今天这样围坐在一起的日子，一年只有难得的两三次。在这个颇为丰盛的餐桌上，自然少不了孩子们最喜欢吃的年糕。\r\n做年糕是宁波人庆贺新年的一种传统，以前的宁波家庭要在新年之前做上几十斤至上百斤年糕，泡在冬水里储藏，从腊月一直吃到来年。','CCTV《舌尖上的中国》','2012-07-07 23:10:00',11,NULL,NULL);

#
# Structure for table "photo"
#

DROP TABLE IF EXISTS `photo`;
CREATE TABLE `photo` (
  `pid` int(11) NOT NULL,
  `pname` varchar(50) DEFAULT NULL,
  `purl` varchar(200) DEFAULT NULL,
  `npid` int(11) NOT NULL,
  PRIMARY KEY (`pid`),
  KEY `npid_ind` (`npid`),
  CONSTRAINT `photo_ibfk_1` FOREIGN KEY (`npid`) REFERENCES `news` (`nid`)
) ENGINE=InnoDB DEFAULT CHARSET=gbk;

#
# Data for table "photo"
#

INSERT INTO `photo` VALUES (1,'example2','images\\photo\\example2.jpg',1),(2,'example1','images\\photo\\example1.jpg',1),(3,'example3','images\\photo\\example3.jpg',2),(4,'example4','images\\photo\\example4.jpg',3),(5,'example5','images\\photo\\example5.jpg',4),(6,'example6','images\\photo\\example6.jpg',4),(7,'example7','images\\photo\\example7.jpg',5),(8,'example8','images\\photo\\example8.jpg',6),(9,'example9','images\\photo\\example9.jpg',7),(10,'example10','images\\photo\\example10.jpg',8),(11,'example11','images\\photo\\example11.jpg',9),(12,'example12','images\\photo\\example12.jpg',10),(13,'example13','images\\photo\\example13.jpg',10),(14,'example14','images\\photo\\example14.jpg',11),(15,'example15','images\\photo\\example15.jpg',1);

#
# Structure for table "comment"
#

DROP TABLE IF EXISTS `comment`;
CREATE TABLE `comment` (
  `comid` int(11) NOT NULL,
  `context` varchar(500) DEFAULT '',
  `ncid` int(11) DEFAULT NULL,
  `comtime` datetime DEFAULT NULL,
  `ucid` int(11) DEFAULT NULL,
  `comname` varchar(30) DEFAULT NULL,
  PRIMARY KEY (`comid`),
  KEY `comment_ibfk_1` (`ncid`),
  KEY `comment_ibfk_2` (`ucid`),
  CONSTRAINT `comment_ibfk_1` FOREIGN KEY (`ncid`) REFERENCES `news` (`nid`),
  CONSTRAINT `comment_ibfk_2` FOREIGN KEY (`ucid`) REFERENCES `user` (`ID`)
) ENGINE=InnoDB DEFAULT CHARSET=gbk;

#
# Data for table "comment"
#

INSERT INTO `comment` VALUES (21,'tttt',8,'2017-05-05 22:03:29',NULL,'user@163.com'),(22,'999',6,'2017-05-05 22:03:53',NULL,'user@163.com'),(24,'7777',6,'2017-05-05 22:04:33',NULL,'user@163.com'),(32,'bucuo ',8,'2017-05-05 22:08:52',NULL,'user@163.com'),(33,'789',8,'2017-05-05 22:11:32',NULL,'user@163.com'),(41,'999',8,'2017-05-05 22:28:12',NULL,'user@163.com'),(42,'不错哟',4,'2017-05-05 22:29:50',NULL,'user@163.com'),(56,'555',8,'2017-05-05 22:42:21',NULL,'user@163.com'),(57,'我是126',8,'2017-05-05 22:55:25',NULL,'user@126.com');

#
# Structure for table "video"
#

DROP TABLE IF EXISTS `video`;
CREATE TABLE `video` (
  `vid` int(11) NOT NULL,
  `vname` varchar(50) DEFAULT NULL,
  `vurl` varchar(200) DEFAULT NULL,
  `vpurl` varchar(200) DEFAULT NULL,
  `vcontext` varchar(2000) DEFAULT NULL,
  PRIMARY KEY (`vid`)
) ENGINE=InnoDB DEFAULT CHARSET=gbk;

#
# Data for table "video"
#

INSERT INTO `video` VALUES (1,'urman','jwplayer/urman.mp4','images\\video_photo\\v_exm1.jpg',NULL),(2,'美食','jwplayer/Foodfill.mp4','images\\video_photo\\v_exm2.jpg',NULL),(3,'健康','jwplayer/urman.mp4','images\\video_photo\\v_exm3.jpg',NULL),(4,'蛋糕','jwplayer/urman.mp4','images\\video_photo\\v_exm4.jpg',NULL),(5,'草莓','jwplayer/urman.mp4','images\\video_photo\\v_exm5.jpg',NULL),(6,'美酒','jwplayer/urman.mp4','images\\video_photo\\v_exm6.jpg',NULL),(7,'创意','jwplayer/urman.mp4','images\\video_photo\\v_exm7.jpg',NULL),(8,'早餐','jwplayer/urman.mp4','images\\video_photo\\v_exm8.png',NULL),(9,'甜点','jwplayer/urman.mp4','images\\video_photo\\v_exm9.jpg',NULL),(10,'午餐','jwplayer/urman.mp4','images\\video_photo\\v_exm10.jpg',NULL);
